﻿{
    "Package": "CI0",
    "Institution": {
        "AroucaID": 4510421,
        "Acronym": "SE/UNA-SUS",
        "Name": "Secretaria Executiva da Universidade Aberta do SUS"
    },
    "Resource": {
        "Name": "Pacote de exemplo do tipo CI1",
        "Language": "pt-BR",
        "CreationDate": "2016-02-21",
        "Review": 1,
        "ReviewDate": "2018-03-14",
        "CoverImage": "capa.png"
    },
    "SupportedDevices": [
        "Tablet",
        "Desktop"
    ],
    "Video": {
        "Formats": [
            "mp4"
        ],
        "Resolutions": [
            "360p"
        ]
    },
    "Persistence": {
        "InstitutionAcronym": "SE_UNASUS",
        "Version": "0001",
        "Name": "EXEMPLO_CI1"
    },
    "Dictionary": []
}